sample_name,Xkr4,Gm1992,Gm37381,Rp1,Sox17,Gm37323,Mrpl15,Lypla1,Gm37988,Tcea1,Rgs20,Gm16041,Atp6v1h,Oprk1,Npbwr1,Rb1cc1,4732440D04Rik,Alkal1,St18,Pcmtd1,Gm26901,Gm30414,Sntg1,Rrs1,Adhfe1,3110035E14Rik,Gm29520,Mybl1,Vcpip1,1700034P13Rik,Sgk3,Mcmdc2,Snhg6,Tcf24,Ppp1r42,Gm15818,Cops5,Cspp1,Arfgef1,Cpa6,Prex2,A830018L16Rik,Gm17644,Gm29663,Sulf1,Slco5a1,Gm29283,Prdm14,Ncoa2,Gm29570,Tram1,Lactb2,Xkr9,Eya1,Gm9947,Msc,Trpa1,Kcnb2,Terf1,Sbspon,4930444P10Rik,Rpl7,Rdh10,Gm28095,Stau2,Gm7568,Ube2w,Eloc,D030040B21Rik,Tmem70,Ly96,Gm28376,Jph1,Gm28783,Gdap1,Gm28784,Pi15,Gm28154,Gm16070,Crispld1,Gm28153,Crisp4,Defb18,Defb41,Gm15825,Tfap2d,Tfap2b,Gm28340,Pkhd1,4930486I03Rik,Gm28653,Il17a,Il17f,Mcm3,Gm28065,6720483E21Rik,Paqr8,Efhc1,Tram2,Gm28287,Tmem14a
AAACCTGAGAAACGCC-L8TX_180221_01_F09,8,0,0,0,0,0,0,0,0,0,3,0,2,0,0,1,0,0,0,4,0,0,11,0,0,8,0,0,1,0,0,0,1,0,0,0,1,3,0,0,0,2,0,0,0,0,0,0,3,0,1,0,0,0,0,0,0,30,1,0,0,2,0,0,8,0,2,3,0,0,0,1,0,0,3,0,0,0,0,3,7,0,0,0,0,0,0,0,0,0,0,0,0,0,0,0,0,0,0,0,1
AAACCTGAGAAGGTTT-L8TX_180221_01_F09,13,2,0,0,0,0,0,0,0,0,7,0,1,0,0,4,1,0,0,3,0,0,17,1,0,6,0,0,2,5,2,1,0,0,0,1,0,3,0,0,0,2,0,0,0,0,0,0,5,0,3,0,0,0,1,0,0,20,2,0,1,9,1,0,2,0,6,5,0,0,0,3,2,0,0,0,0,0,0,0,4,0,0,0,0,0,0,0,0,0,0,0,0,0,0,0,0,0,0,0,2
AAACCTGAGAGTAATC-L8TX_180221_01_F09,8,0,0,0,0,0,0,0,0,0,0,0,1,0,0,2,0,0,0,0,0,0,6,0,0,5,0,0,2,0,0,1,2,0,0,0,0,1,2,0,0,1,0,0,0,0,0,0,2,0,0,1,0,0,0,0,0,18,1,0,0,1,0,0,4,0,1,3,0,0,0,0,0,0,5,0,0,0,0,0,6,0,0,0,0,0,0,0,0,0,0,0,0,0,0,0,0,0,0,0,1
AAACCTGAGCCTTGAT-L8TX_180221_01_F09,11,0,0,0,0,0,0,0,0,1,0,0,0,0,0,0,0,0,0,2,0,0,1,0,0,3,0,0,1,0,0,0,0,0,0,0,0,6,1,3,0,9,0,0,1,0,0,0,1,0,0,0,0,0,0,0,0,2,0,0,0,3,0,0,2,0,4,0,0,0,0,3,1,0,1,0,0,0,0,0,0,0,0,0,0,0,0,0,0,0,0,0,0,0,0,0,0,0,0,0,0
AAACCTGAGTGGTAAT-L8TX_180221_01_F09,10,1,0,0,0,0,0,0,0,0,0,0,1,0,0,2,0,0,0,0,0,0,5,0,0,0,0,0,1,0,0,0,0,0,0,0,1,3,2,0,0,3,0,0,0,0,0,0,0,0,0,0,0,0,0,0,0,0,0,0,0,4,0,0,5,0,0,3,0,0,0,0,0,0,2,0,0,0,0,0,2,0,0,0,0,0,0,0,0,0,0,0,0,0,0,0,0,0,0,0,2
AAACCTGCAAGCTGTT-L8TX_180221_01_F09,0,0,0,0,0,0,0,0,0,0,2,0,0,0,0,0,0,0,0,2,0,0,18,0,0,3,0,0,0,0,1,0,0,0,0,0,0,0,0,0,0,3,0,0,0,0,0,0,0,0,0,0,0,0,0,0,0,4,0,0,0,9,0,0,1,0,0,1,0,0,0,0,1,0,3,0,0,0,0,0,0,0,0,0,0,0,0,0,0,0,0,0,0,0,0,0,0,0,0,0,0
AAACCTGCACAGGAGT-L8TX_180221_01_F09,5,0,0,0,0,0,0,0,0,0,1,0,5,0,0,4,0,0,0,1,0,0,11,0,0,4,0,0,0,0,1,0,1,0,0,0,0,2,3,0,1,7,0,0,0,0,0,0,1,0,0,2,0,0,0,0,0,12,0,0,0,9,0,0,2,0,1,4,0,0,0,2,0,0,1,0,0,0,0,0,0,0,0,0,0,0,0,0,0,0,0,0,0,0,0,0,0,0,0,0,0
AAACCTGCACGTCTCT-L8TX_180221_01_F09,30,0,0,0,0,0,0,0,0,0,0,0,0,0,0,2,0,0,1,1,1,0,14,0,0,0,0,0,1,0,0,0,1,0,0,0,1,0,1,0,0,38,0,0,0,0,0,0,6,0,0,0,0,1,0,0,0,1,1,0,2,4,0,0,5,0,1,0,0,0,0,0,2,0,0,0,0,0,2,1,0,0,0,0,0,0,0,0,0,0,0,0,0,0,0,0,0,0,1,0,1
AAACCTGCACTTAACG-L8TX_180221_01_F09,17,0,0,0,0,0,0,0,0,2,0,0,1,0,0,1,0,0,0,0,0,0,22,1,0,2,0,0,0,0,1,0,1,0,0,0,0,0,1,1,0,3,0,0,0,1,0,0,4,0,0,0,0,0,0,1,0,24,2,0,0,6,1,0,3,0,0,4,0,1,0,0,0,0,3,0,0,0,0,0,7,0,0,0,0,0,0,0,0,0,0,0,0,0,0,0,0,0,0,0,2
AAACCTGGTTGTCGCG-L8TX_180221_01_F09,14,0,0,0,0,0,1,0,0,2,4,0,4,0,0,0,0,0,0,2,0,0,12,0,0,7,0,0,1,0,1,0,2,0,0,0,0,2,0,0,0,7,0,0,0,0,0,0,2,0,1,0,0,0,0,0,0,20,0,0,0,7,0,0,4,0,3,5,0,0,0,0,1,0,0,0,0,0,0,0,9,0,0,0,0,0,0,0,0,0,0,0,0,0,0,0,0,0,0,0,2
AAACCTGGTTTCGCTC-L8TX_180221_01_F09,15,0,0,0,0,0,0,0,0,0,0,0,1,0,0,5,0,1,0,1,0,0,3,0,0,20,0,0,1,0,2,0,0,0,0,0,0,1,1,2,0,13,0,0,2,0,0,0,0,0,1,0,0,0,0,0,0,12,0,0,1,6,1,0,2,0,6,1,0,1,0,4,4,0,3,0,0,0,0,0,1,0,0,0,0,0,0,0,0,0,0,0,0,0,0,0,2,0,0,0,1
AAACCTGTCCGAACGC-L8TX_180221_01_F09,11,0,0,0,0,0,0,0,0,1,1,0,1,0,0,3,0,0,0,3,0,0,24,0,0,9,0,0,1,0,1,0,0,0,0,0,0,4,1,0,0,13,0,0,0,0,0,0,6,0,1,0,0,0,0,1,0,22,1,0,0,3,0,0,3,0,3,1,0,0,0,0,3,0,3,0,0,0,0,0,5,0,0,0,0,0,0,0,0,0,0,0,0,0,0,0,0,0,0,0,1
AAACCTGTCCTCTAGC-L8TX_180221_01_F09,9,0,0,0,0,0,1,0,0,0,1,0,1,0,0,2,0,1,0,0,1,0,14,0,0,2,0,0,1,0,0,1,2,0,0,0,1,1,5,0,0,4,0,0,9,0,0,0,3,0,0,0,0,0,0,0,0,1,2,0,1,6,0,0,4,0,2,2,0,1,0,2,2,0,0,0,0,0,0,0,5,0,0,0,0,0,0,0,0,0,0,0,0,0,0,0,3,0,0,0,0
AAACGGGAGACTTTCG-L8TX_180221_01_F09,11,0,0,0,0,0,0,0,0,0,0,0,1,0,0,1,0,0,0,1,0,0,10,0,0,0,0,0,0,0,0,0,1,0,0,0,2,0,0,0,0,5,0,0,0,0,0,0,1,0,1,0,0,0,0,0,0,4,0,0,0,4,0,0,3,0,0,5,0,0,0,0,0,0,2,0,0,0,0,0,0,0,0,0,0,0,0,0,0,0,0,0,0,0,0,0,0,0,0,0,0
AAACGGGAGATACACA-L8TX_180221_01_F09,1,0,0,0,0,0,0,0,0,0,0,0,0,0,0,1,0,0,0,2,0,0,0,1,0,8,0,0,0,0,1,0,0,0,0,0,0,0,1,0,0,1,0,0,0,0,0,0,2,0,0,0,0,0,0,0,0,1,0,0,0,1,0,0,2,0,2,0,0,0,0,0,1,0,3,0,0,0,0,0,2,0,0,0,0,0,0,0,0,0,0,0,0,0,0,0,2,0,0,0,1
AAACGGGAGGAGCGTT-L8TX_180221_01_F09,6,0,0,0,0,0,0,0,0,0,1,0,0,0,0,0,1,0,0,2,0,0,5,0,0,12,0,0,0,0,0,0,0,0,0,0,0,1,1,0,0,6,0,0,0,0,0,0,2,0,0,0,0,0,0,0,0,0,0,0,0,6,0,0,1,0,3,0,0,0,0,0,1,0,3,0,0,0,0,0,1,0,0,0,0,0,0,0,0,0,0,0,0,0,0,0,0,0,0,0,0
AAACGGGAGTACACCT-L8TX_180221_01_F09,16,0,0,0,0,0,0,0,0,0,1,0,0,0,0,1,1,0,0,2,0,0,6,0,0,23,0,0,1,0,2,0,0,0,0,0,1,1,1,0,0,14,0,0,3,0,0,0,4,0,1,1,0,0,0,0,0,0,1,0,0,4,0,0,1,0,2,2,0,0,0,1,2,0,0,0,0,0,0,0,10,0,0,0,0,0,0,0,0,0,0,0,0,0,0,0,1,0,0,0,1
AAACGGGAGTAGTGCG-L8TX_180221_01_F09,0,0,0,0,0,0,0,0,0,0,0,0,0,0,0,0,0,1,0,0,0,0,0,0,0,3,0,0,0,0,1,1,0,0,0,0,0,0,0,1,0,2,0,0,2,0,0,0,0,0,0,0,0,0,0,0,0,0,0,0,0,0,0,0,2,0,0,1,0,0,0,2,2,0,0,0,0,0,0,0,1,0,0,0,0,0,0,0,0,0,0,0,0,0,0,0,0,0,0,0,0
AAACGGGCACAGGAGT-L8TX_180221_01_F09,5,1,0,0,0,0,0,0,0,1,0,0,0,0,0,1,0,0,0,1,0,0,2,0,0,2,0,0,0,0,0,0,0,0,0,0,0,0,0,0,0,0,0,0,0,0,0,0,2,0,0,0,0,0,0,0,0,4,0,0,0,3,0,0,3,0,0,2,0,0,0,0,0,0,3,0,0,0,0,0,2,0,0,0,0,0,0,0,0,0,0,0,0,0,0,0,0,0,0,0,0
AAACGGGCACGAGAGT-L8TX_180221_01_F09,14,0,0,0,0,0,0,0,0,0,0,0,1,3,0,1,0,0,0,0,0,0,10,0,0,7,0,0,0,0,1,0,0,0,0,0,2,2,2,0,0,6,0,0,4,0,0,0,7,0,0,1,0,0,0,0,0,6,0,0,0,3,0,0,3,0,4,4,0,0,0,0,4,0,1,0,0,0,0,1,1,0,0,0,0,0,0,0,0,0,0,0,0,0,0,0,1,0,0,0,0
AAACGGGCATTAACCG-L8TX_180221_01_F09,6,0,0,0,0,0,1,0,0,1,3,0,1,0,0,1,0,0,0,1,0,0,0,0,0,18,0,0,1,0,0,0,0,0,0,0,1,1,1,0,0,8,0,0,5,0,0,0,1,0,0,1,0,0,0,0,0,8,0,0,0,3,0,1,2,0,3,0,0,0,0,1,0,0,1,0,0,0,0,0,4,0,0,0,0,0,0,0,0,0,0,0,0,0,0,0,0,0,0,0,1
AAACGGGGTCGGCTCA-L8TX_180221_01_F09,9,0,0,0,0,0,0,0,0,1,1,0,1,0,0,0,0,0,0,0,0,0,4,2,0,11,0,0,0,0,0,0,0,0,0,1,1,0,0,0,0,11,0,0,1,0,0,0,1,0,0,0,0,0,0,0,0,2,0,0,0,4,0,0,1,0,3,2,0,0,0,0,0,0,0,0,0,0,0,0,5,0,0,0,0,0,0,0,0,0,0,0,0,0,0,0,0,0,0,0,0
AAACGGGTCCGTAGGC-L8TX_180221_01_F09,9,0,0,0,0,0,0,0,0,0,0,0,0,0,0,3,0,0,0,1,0,0,3,0,0,2,0,0,2,0,0,0,0,0,0,0,0,1,0,0,0,2,0,0,0,0,0,0,0,0,0,0,0,0,0,0,0,0,0,0,0,2,0,0,1,0,2,0,0,0,0,1,0,0,3,0,0,0,0,0,2,0,0,0,0,0,0,0,0,0,0,0,0,0,0,0,0,0,0,0,1
AAACGGGTCCTAGGGC-L8TX_180221_01_F09,1,0,0,0,0,0,0,0,0,0,3,0,0,0,0,0,1,0,0,1,0,0,1,0,0,0,0,0,0,0,1,0,0,0,0,0,0,0,0,0,0,0,0,0,0,0,0,0,0,0,0,0,0,0,0,1,0,2,0,0,0,4,0,0,3,0,1,3,0,0,0,2,0,0,0,0,0,0,0,0,2,0,0,0,0,0,0,0,0,0,0,0,0,0,0,0,0,0,0,0,0
AAAGATGCAACACGCC-L8TX_180221_01_F09,2,0,0,0,0,0,0,0,0,0,1,0,0,0,0,0,1,0,0,3,0,0,18,0,0,2,0,0,1,0,1,1,0,0,0,1,0,3,3,0,0,8,0,0,0,0,0,0,1,0,0,0,0,0,1,0,0,6,0,0,0,4,0,0,1,0,2,7,0,0,0,0,1,0,1,0,0,0,0,0,3,0,0,0,0,1,0,0,0,0,0,0,0,0,0,0,0,0,0,0,1
AAAGATGCACACCGCA-L8TX_180221_01_F09,8,0,0,0,0,0,0,0,0,0,6,0,3,0,0,6,0,0,0,2,1,0,23,0,0,13,0,0,5,0,0,0,0,0,0,0,2,3,3,0,0,6,0,0,1,0,0,0,2,0,0,1,0,0,0,1,0,10,2,0,0,8,0,0,5,0,6,6,0,0,0,1,0,0,8,0,0,0,0,0,1,0,0,0,0,0,0,0,0,0,0,0,0,0,0,0,0,0,0,0,4
AAAGATGCAGGGTATG-L8TX_180221_01_F09,11,0,0,0,0,0,0,0,0,0,0,0,1,0,0,1,0,0,0,4,0,0,12,0,0,1,0,0,0,0,0,0,2,0,0,0,0,1,3,0,0,1,0,0,0,0,0,0,2,0,0,0,0,0,1,0,0,8,0,0,0,5,0,0,1,0,1,3,0,1,0,4,5,0,3,0,0,0,0,0,0,0,0,0,0,0,0,0,0,0,0,0,0,0,0,0,0,0,0,0,2
AAAGATGCATGCCTAA-L8TX_180221_01_F09,3,0,0,0,0,0,0,0,0,0,0,0,1,0,0,0,0,0,0,1,0,0,4,0,0,0,0,0,0,0,0,0,0,0,0,0,0,1,1,0,0,4,0,0,0,0,0,0,0,0,0,0,0,0,0,0,0,0,0,0,0,2,0,0,1,0,1,1,0,0,0,0,0,0,0,0,0,0,0,0,0,0,0,0,0,0,0,0,0,0,0,0,0,0,0,0,0,0,0,0,0
AAAGATGGTCAAGCGA-L8TX_180221_01_F09,16,0,0,0,0,0,1,0,0,1,0,0,4,0,0,0,0,0,0,1,0,0,6,0,0,25,0,0,0,1,3,0,2,0,0,0,0,1,1,0,0,10,0,0,0,0,0,0,1,0,0,0,0,0,0,0,0,3,1,0,0,6,0,0,4,0,4,4,0,2,0,0,1,0,1,0,0,0,0,0,1,0,0,0,0,0,0,0,0,0,0,0,0,0,0,0,1,0,0,0,6
AAAGATGGTTTCCACC-L8TX_180221_01_F09,8,0,0,0,0,0,0,0,0,0,1,0,0,0,0,0,0,0,0,2,0,0,25,0,0,0,0,0,2,0,0,0,0,0,0,0,0,1,2,0,2,3,0,0,0,0,0,0,0,0,0,0,0,0,0,0,0,29,1,0,0,3,0,0,1,0,0,2,0,0,0,1,0,0,1,0,0,0,0,0,0,0,0,0,0,0,0,0,0,0,0,0,0,0,0,0,0,0,0,0,0
AAAGATGTCACTCCTG-L8TX_180221_01_F09,13,0,0,0,0,0,0,0,0,0,1,0,3,0,0,2,0,0,0,2,0,0,10,0,0,2,0,0,0,0,1,0,1,1,0,0,1,4,2,0,0,0,0,0,0,0,0,0,5,0,0,1,0,0,0,0,0,16,0,0,0,6,1,0,1,0,7,4,0,1,0,0,0,0,5,0,0,0,0,0,4,0,0,0,0,0,0,0,0,0,0,0,0,0,0,0,0,0,0,0,1
AAAGATGTCATGTCCC-L8TX_180221_01_F09,10,0,0,0,0,0,0,0,0,1,1,0,1,0,0,0,1,0,0,4,0,0,6,0,0,24,0,0,2,0,2,1,0,0,0,0,1,2,3,0,0,7,0,0,0,0,0,0,4,0,0,0,0,0,0,0,0,1,0,0,0,5,0,0,4,0,4,4,0,0,0,1,0,0,1,0,0,0,0,0,4,0,0,0,0,0,0,0,0,0,0,0,0,0,0,0,0,0,0,0,2
AAAGATGTCCGCATCT-L8TX_180221_01_F09,14,0,0,0,0,0,1,0,0,0,0,0,1,0,0,2,0,0,0,4,0,0,12,0,2,1,0,0,6,0,0,0,1,0,0,1,0,2,4,0,0,1,0,0,0,0,0,0,0,0,1,0,0,0,0,0,0,3,0,0,0,3,0,0,3,0,1,5,0,0,0,0,0,0,1,0,0,0,1,0,2,0,0,0,0,0,0,0,0,0,0,0,0,0,0,0,0,0,0,0,1
AAAGATGTCCGTCATC-L8TX_180221_01_F09,10,0,0,0,0,0,0,0,0,0,0,0,1,0,0,1,0,0,1,2,0,0,11,1,0,2,0,0,1,0,2,0,0,0,1,0,0,1,2,0,0,10,0,0,0,0,0,0,0,0,0,0,0,0,0,0,0,1,0,0,0,4,1,0,6,0,2,1,0,0,0,1,0,0,3,0,0,0,0,5,0,0,0,0,0,0,0,0,0,0,0,0,0,0,0,0,0,0,0,0,1
AAAGATGTCCTTTCTC-L8TX_180221_01_F09,1,0,0,0,0,0,0,0,0,0,0,0,0,0,0,0,0,0,0,0,0,0,3,0,0,0,0,0,1,0,0,2,0,0,0,0,0,0,2,0,0,0,0,0,0,0,0,0,2,0,1,1,0,0,1,0,0,11,1,0,0,2,0,0,0,0,1,0,0,0,0,0,0,0,1,0,0,0,0,0,2,0,0,0,0,0,0,0,0,0,0,0,0,0,0,0,0,0,0,0,0
AAAGATGTCGTGACAT-L8TX_180221_01_F09,14,1,0,0,0,0,0,0,0,1,0,0,2,0,0,1,0,0,0,0,0,0,8,0,0,0,0,0,1,0,0,0,1,0,0,0,0,1,1,0,0,7,0,0,0,0,0,0,2,0,0,0,0,0,0,0,0,5,0,0,0,9,0,0,3,0,1,1,0,0,0,0,0,0,3,0,0,0,2,2,0,0,0,0,0,0,0,0,0,0,0,0,0,0,0,0,0,0,0,0,0
AAAGATGTCTTTCCTC-L8TX_180221_01_F09,1,0,0,0,0,0,0,0,1,0,0,0,0,1,0,0,0,0,0,0,0,0,0,0,0,1,0,0,1,0,0,0,0,0,0,0,1,0,2,0,0,2,0,0,5,0,0,0,2,0,1,0,0,0,0,0,0,0,0,0,0,2,0,0,1,0,0,0,0,0,0,3,0,0,0,0,0,0,0,0,0,0,0,0,0,0,0,0,0,0,0,0,0,0,0,0,0,0,0,0,2
AAAGCAAAGGAGCGAG-L8TX_180221_01_F09,12,0,0,0,0,0,0,0,1,0,2,0,3,0,0,1,0,0,0,2,0,0,9,0,0,14,0,0,3,0,3,0,1,0,0,0,0,0,0,6,0,17,0,0,1,0,0,0,6,0,0,0,0,0,0,0,0,2,0,0,0,8,0,0,5,0,6,2,0,1,0,0,3,0,1,0,0,0,0,0,9,0,0,0,0,0,0,0,0,0,0,0,0,0,0,0,0,0,0,0,0
AAAGCAAAGGAGCGTT-L8TX_180221_01_F09,5,0,0,0,0,0,0,0,1,0,0,0,0,0,0,0,0,0,0,0,0,0,2,0,0,5,0,0,0,5,0,0,0,0,0,0,0,1,0,1,0,3,0,0,0,0,0,0,1,0,0,0,0,0,0,0,0,0,1,0,0,1,0,0,1,0,0,0,0,0,0,0,0,0,2,0,0,0,0,0,0,0,0,0,0,0,0,0,0,0,0,0,0,0,0,0,1,0,0,0,0
AAAGCAAAGGCTCATT-L8TX_180221_01_F09,14,0,0,0,0,0,0,0,0,0,0,0,0,0,0,1,1,0,0,1,0,0,12,0,0,0,0,0,2,0,0,1,0,0,0,0,0,1,0,0,0,18,0,0,0,0,0,0,0,0,0,0,0,0,0,0,0,0,0,0,0,3,0,0,5,0,1,0,0,1,0,0,0,0,1,0,0,0,1,0,2,0,0,0,0,0,0,0,0,0,0,0,0,0,0,0,0,0,0,0,0
AAAGCAACAGCTGCAC-L8TX_180221_01_F09,10,0,0,0,0,0,1,0,0,0,3,0,0,0,0,1,0,0,0,3,0,0,11,0,0,2,0,0,0,0,0,0,0,0,0,0,0,0,2,0,0,4,0,0,0,0,0,0,3,0,2,0,0,0,0,0,0,8,3,0,0,1,0,0,3,0,0,1,0,0,0,0,2,0,1,0,0,0,0,0,0,0,0,0,0,0,0,0,0,0,0,0,0,0,0,0,0,0,0,0,1
AAAGCAAGTACCCAAT-L8TX_180221_01_F09,9,0,0,0,0,0,0,0,0,0,0,0,1,0,0,2,0,0,0,3,0,0,3,0,0,18,0,0,0,0,0,0,0,0,0,0,1,0,0,0,0,2,0,0,0,0,0,0,2,0,1,0,0,0,0,0,0,4,0,0,0,6,0,0,5,0,2,2,0,0,0,3,4,0,3,0,0,0,0,0,1,0,0,0,0,0,0,0,1,0,0,0,0,0,0,0,1,0,0,0,0
AAAGCAAGTAGGAGTC-L8TX_180221_01_F09,8,0,0,0,0,0,0,0,0,0,1,0,2,0,0,0,0,0,0,0,0,0,5,0,0,0,0,0,0,0,0,0,0,0,0,0,0,0,0,0,0,0,0,0,0,0,0,0,1,0,0,0,0,0,0,0,0,4,0,0,0,3,0,0,1,1,0,1,0,0,0,0,0,0,0,0,0,0,0,0,2,0,0,0,0,0,0,0,0,0,0,0,0,0,0,0,0,0,0,0,0
AAAGCAATCCATGCTC-L8TX_180221_01_F09,12,0,0,0,0,0,0,0,0,0,0,0,3,0,0,5,0,0,0,2,0,0,10,0,0,3,0,0,1,0,1,0,1,0,0,0,0,6,2,0,0,4,0,0,0,1,0,0,2,0,0,1,0,2,0,0,0,18,1,0,0,7,0,0,3,0,4,4,0,0,0,0,1,0,1,0,0,0,0,0,8,0,0,0,0,0,0,0,0,0,0,0,0,0,0,0,1,0,0,0,1
AAAGCAATCCGCATAA-L8TX_180221_01_F09,4,0,0,0,0,0,0,0,0,0,0,0,1,0,0,0,0,0,0,0,0,0,10,0,0,3,0,0,0,0,0,0,0,0,0,0,0,0,0,1,0,1,0,0,0,0,0,0,0,0,0,0,0,0,0,0,0,4,0,0,0,1,0,0,5,0,0,3,0,0,0,0,0,0,1,0,0,0,0,0,1,0,0,0,0,0,0,0,0,0,0,0,0,0,0,0,0,0,0,0,0
AAAGCAATCGCAAACT-L8TX_180221_01_F09,12,0,0,0,0,0,1,0,0,0,3,0,3,0,0,1,0,0,0,0,0,0,2,0,0,7,0,0,0,0,0,0,0,0,0,0,0,0,1,2,0,6,0,0,4,0,0,0,1,0,0,0,0,0,0,0,0,3,0,0,1,3,0,0,4,0,2,2,0,0,0,0,1,0,0,0,0,0,0,0,1,0,0,0,0,0,0,0,0,0,0,0,0,0,0,0,0,0,0,0,1
AAAGCAATCTATCCCG-L8TX_180221_01_F09,6,0,0,0,0,0,0,0,0,0,2,0,2,0,0,1,0,0,0,0,0,0,4,0,0,9,0,0,0,0,1,0,0,0,0,0,0,0,4,2,0,6,0,0,0,0,0,0,1,0,0,0,0,0,0,0,0,0,0,0,0,4,0,0,1,0,4,5,0,1,0,1,1,0,1,0,0,0,0,0,1,0,0,0,0,0,0,0,0,0,0,0,0,0,0,0,0,0,0,0,2
AAAGCAATCTGTCAAG-L8TX_180221_01_F09,1,0,0,0,0,0,0,0,0,0,0,0,0,0,0,0,0,0,0,0,0,0,1,0,0,1,0,0,1,0,0,0,0,0,0,0,0,0,2,0,0,0,0,0,0,0,0,0,1,0,0,0,0,0,0,0,0,9,2,0,0,4,1,0,1,0,0,0,0,0,0,0,0,0,0,0,0,0,0,0,2,0,0,0,0,0,0,0,0,0,0,0,0,0,0,0,1,0,0,0,1
AAAGTAGAGCTAAACA-L8TX_180221_01_F09,5,1,0,0,0,0,0,0,0,0,0,0,2,0,0,0,0,1,0,0,0,0,3,0,0,0,0,0,0,0,0,0,0,0,0,0,0,0,1,0,0,7,0,0,0,0,0,0,0,0,0,0,0,0,0,0,0,0,0,0,0,0,0,0,2,0,1,1,0,0,0,1,1,0,0,0,0,0,1,0,0,0,0,0,0,0,0,0,0,0,0,0,0,0,0,0,0,0,0,0,0
AAAGTAGAGGATGTAT-L8TX_180221_01_F09,3,1,0,0,0,0,0,0,0,1,0,0,2,0,0,1,0,0,0,1,0,0,1,0,0,10,0,0,1,0,1,0,0,0,0,0,0,2,3,1,0,6,0,0,3,0,0,0,2,0,0,0,0,0,0,0,0,3,2,0,0,3,0,0,0,0,4,4,0,1,0,0,1,0,1,0,0,0,0,0,1,0,0,0,0,0,0,0,0,0,0,0,0,0,0,0,1,0,0,0,0
